Meeting ID1,Start Time,End Time,Date (Meeting Data.csv),Distinct No. of Participants,Class Size
23132131,10:00:00 AM,10:29:59 AM,3-Apr-21,7,10
98748028,11:00:00 AM,11:29:59 AM,4-Apr-21,8,10
78909832,11:30:00 AM,11:59:59 AM,4-Apr-21,9,10
45986689,10:00:00 AM,10:59:59 AM,5-Apr-21,4,10
15678453,11:00:00 AM,11:29:59 AM,5-Apr-21,7,10
34143859,11:30:00 AM,12:29:59 PM,5-Apr-21,4,10
68393132,10:00:00 AM,10:29:59 AM,6-Apr-21,7,10
53242378,10:30:00 AM,10:59:59 AM,6-Apr-21,9,10
63394832,10:00:00 AM,10:29:59 AM,7-Apr-21,5,10
45322765,10:30:00 AM,10:59:59 AM,7-Apr-21,8,10
