Meeting ID (Participant Data.csv),Participant ID,Join Time,Leave Time
23132131,3,10:00:04 AM,10:28:52 AM
23132131,7,10:01:01 AM,10:28:16 AM
23132131,6,10:00:31 AM,10:28:52 AM
23132131,9,10:00:09 AM,10:29:35 AM
23132131,1,10:01:04 AM,10:28:43 AM
23132131,2,10:00:07 AM,10:28:58 AM
23132131,5,10:02:05 AM,10:28:34 AM
98748028,1,11:00:08 AM,11:28:28 AM
98748028,2,11:00:11 AM,11:29:40 AM
98748028,3,11:01:02 AM,11:28:08 AM
98748028,4,11:00:38 AM,11:28:52 AM
98748028,9,11:02:04 AM,11:28:47 AM
98748028,5,11:01:10 AM,11:29:37 AM
98748028,7,11:01:35 AM,11:28:43 AM
98748028,8,11:00:51 AM,11:28:07 AM
78909832,1,11:30:07 AM,11:59:02 AM
78909832,2,11:30:08 AM,11:59:43 AM
78909832,3,11:30:21 AM,11:59:41 AM
78909832,4,11:30:12 AM,11:59:38 AM
78909832,5,11:31:04 AM,11:58:06 AM
78909832,7,11:32:03 AM,11:59:14 AM
78909832,8,11:31:52 AM,11:59:58 AM
78909832,9,11:31:12 AM,11:58:09 AM
78909832,10,11:33:02 AM,11:59:39 AM
45986689,1,10:01:02 AM,10:58:32 AM
45986689,2,10:00:30 AM,10:58:31 AM
45986689,3,10:00:09 AM,10:58:18 AM
45986689,4,10:01:05 AM,10:58:43 AM
15678453,1,11:00:10 AM,11:28:50 AM
15678453,2,11:01:02 AM,11:28:24 AM
15678453,3,11:00:37 AM,11:28:26 AM
15678453,4,11:02:04 AM,11:29:05 AM
15678453,7,11:01:10 AM,11:28:20 AM
15678453,9,11:01:36 AM,11:29:08 AM
15678453,10,11:00:53 AM,11:29:45 AM
34143859,1,11:30:07 AM,12:28:05 PM
34143859,2,11:30:22 AM,12:29:41 PM
34143859,3,11:30:10 AM,12:28:16 PM
34143859,4,11:31:06 AM,12:28:07 PM
68393132,1,10:00:05 AM,10:29:13 AM
68393132,2,10:01:02 AM,10:28:23 AM
68393132,3,10:00:31 AM,10:28:01 AM
68393132,4,10:00:09 AM,10:29:57 AM
68393132,5,10:01:03 AM,10:29:27 AM
68393132,6,10:00:07 AM,10:29:42 AM
68393132,8,10:00:20 AM,10:28:56 AM
53242378,1,10:30:02 AM,10:59:08 AM
53242378,2,10:30:07 AM,10:58:32 AM
53242378,3,10:30:06 AM,10:58:30 AM
53242378,4,10:30:18 AM,10:58:04 AM
53242378,6,10:31:06 AM,10:58:11 AM
53242378,8,10:32:07 AM,10:59:14 AM
53242378,9,10:31:35 AM,10:59:41 AM
53242378,10,10:32:11 AM,10:59:04 AM
53242378,5,10:32:00 AM,10:58:09 AM
63394832,1,10:00:30 AM,10:29:42 AM
63394832,2,10:00:09 AM,10:28:19 AM
63394832,3,10:01:05 AM,10:28:10 AM
63394832,4,10:00:06 AM,10:28:08 AM
63394832,7,10:00:19 AM,10:29:40 AM
45322765,1,10:30:01 AM,10:58:29 AM
45322765,2,10:30:07 AM,10:59:15 AM
45322765,3,10:30:05 AM,10:59:41 AM
45322765,4,10:30:17 AM,10:59:15 AM
45322765,5,10:31:06 AM,10:59:27 AM
45322765,7,10:32:09 AM,10:59:39 AM
45322765,9,10:31:37 AM,10:59:30 AM
45322765,6,10:32:11 AM,10:58:46 AM
57,1,03:36:03 AM,04:05:12 AM
57,2,03:36:23 AM,04:04:42 AM
57,3,03:36:43 AM,04:04:12 AM
57,4,03:37:03 AM,04:03:42 AM
